Symbol,Parameter,Unit,Dm,Median_prior,gsd_prior,CI_prior,rhat_prior,ess_prior
$b_{on}$,Binding on,$\mu$M$^{-1}\,s^{-1}$,{},10.7,25.6,{(0.05, 2,010)},1,5290
$b_{off}$,Binding off,$s^{-1}$,{},103,26.9,{(0.45, $2.34 \cdot 10^{4}$)},1.001,5270
$r_{on}$,Rotation on,$s^{-1}$,{},95.2,25.6,{(0.42, $2.00 \cdot 10^{4}$)},1.0001,5110
$r_{off}$,Rotation off,$s^{-1}$,{},106,24.2,{(0.54, $1.81 \cdot 10^{4}$)},0.99985,5210
$RB$,RB Equilibrium Coupling,,{},110,25.1,{(0.59, $2.26 \cdot 10^{4}$)},1.0002,5200
$BR$,BR Equilibrium Coupling,,{},9.36,25.9,{(0.05, 2,040)},1.0001,5090
$RB_{r_{on}}$,RB Rotation Coupling,,{},0.969,26.8,{($5.03 \cdot 10^{-3}$, 241)},0.99989,5310
$BR_{r_{on}}$,BR Rotation Coupling,,{},1.01,27.5,{($4.76 \cdot 10^{-3}$, 273)},0.99988,5010
$RB_{b_{on}}$, RB Binding Coupling,,{},1.05,26.2,{($4.83 \cdot 10^{-3}$, 214)},0.99992,5270
$BR_{b_{on}}$,BR Binding Coupling,,{},0.979,25.9,{($4.58 \cdot 10^{-3}$, 192)},0.99998,4930
$RB$,RB Equilibrium Coupling,,{X},234,16.2,{(3.23, $2.90 \cdot 10^{4}$)},1.0003,5200
$BR$,BR Equilibrium Coupling,,{X},4.22,16,{(0.04, 346)},1.0003,5100
$RB_{r_{on}}$,RB Rotation Coupling,,{X},0.96,26.6,{($4.94 \cdot 10^{-3}$, 222)},1.0003,5100
$BR_{r_{on}}$,BR Rotation Coupling,,{X},1.02,27.6,{($4.83 \cdot 10^{-3}$, 292)},0.99989,4660
$RB_{b_{on}}$, RB Binding Coupling,,{X},1.06,26.5,{($5.00 \cdot 10^{-3}$, 229)},1.0002,5120
$BR_{b_{on}}$,BR Binding Coupling,,{X},0.965,25.6,{($4.50 \cdot 10^{-3}$, 186)},0.99995,4590
$R_{\gamma}$,Rotation Current Coupling,,{},94.3,26.3,{(0.43, $2.22 \cdot 10^{4}$)},1.0002,5120
$\rho_{leak}$,Current Leakeage Ratio,,{},9.69e-7,26.9,{($5.12 \cdot 10^{-9}$, $2.55 \cdot 10^{-4}$)},1.0001,5080
$\gamma$,Unitary Channel Current,$pA$,{},1.1,26.1,{($5.63 \cdot 10^{-3}$, 243)},1,5160
$i_{0}$,Baseline Current,$pA$,{},0.98,25.7,{($4.42 \cdot 10^{-3}$, 216)},0.99986,4970
$\epsilon^2$,White Noise,$pA^2\,s^{-1}$,{},9.69e-4,24.8,{($5.09 \cdot 10^{-6}$, 0.19)},1.0002,4990
$\nu^2$,Pink Noise,$pA^2$,{},5.43,26.7,{(0.03, 1,130)},0.99983,5200
$N_{ch}$,Number of Channels,,{},4630,28.2,{(20.3, $1.23 \cdot 10^{6}$)},1.0002,5370
$k_{inact}$,Inactivation Rate,$s^{-1}$,{},1.02e-5,25.8,{($4.85 \cdot 10^{-8}$, $1.95 \cdot 10^{-3}$)},1.0006,4540
