Symbol,Parameter,Unit,True Value,Median,CI,Diagnostic
$b_{on}$,Binding on,$\mu$M$^{-1}\,s^{-1}$,6.02,6.27,{(5.76, 6.8)},\textcolor{green}{$\checkmark$ (Within)}
$b_{off}$,Binding off,$s^{-1}$,824,860,{(759, 970)},\textcolor{green}{$\checkmark$ (Within)}
$r_{on}$,Rotation on,$s^{-1}$,1680,1700,{(1,570, 1,830)},\textcolor{green}{$\checkmark$ (Within)}
$r_{off}$,Rotation off,$s^{-1}$,157,157,{(135, 192)},\textcolor{green}{$\checkmark$ (Within)}
$BR$,BR Equilibrium Coupling,,3.49,4.83,{(1.99, 8.72)},\textcolor{green}{$\checkmark$ (Within)}
$BR_{r_{on}}$,BR Rotation Coupling,,2.26,2.81,{(2.15, 3.71)},\textcolor{green}{$\checkmark$ (Within)}
$BR_{b_{on}}$, BR Binding Coupling,,0.134,0.153,{(0.06, 0.26)},\textcolor{green}{$\checkmark$ (Within)}
$RB$,RB Equilibrium Coupling,,56.5,40.8,{(25.3, 86.7)},\textcolor{green}{$\checkmark$ (Within)}
$RB_{b_{on}}$,RB Binding Coupling,,3.07,2.94,{(1.53, 6.44)},\textcolor{green}{$\checkmark$ (Within)}
$RB_{r_{on}}$,RB Rotation Coupling,,3380,2370,{(1,590, 3,540)},\textcolor{green}{$\checkmark$ (Within)}
$R_{\gamma}$,Rotation Current Coupling,,1120,1080,{(221, 7,540)},\textcolor{green}{$\checkmark$ (Within)}
$\rho_{leak}$,Current Leakeage Ratio,,4.09e-7,4.36e-7,{($1.01 \cdot 10^{-8}$, $1.01 \cdot 10^{-5}$)},\textcolor{green}{$\checkmark$ (Within)}
$\gamma$,Unitary Channel Current,$pA$,1.92,1.49,{(1.27, 1.76)},\textcolor{blue}{$\downarrow$ Under}
$\epsilon^2$,White Noise,$pA^2\,s^{-1}$,2.49e-4,2.86e-4,{($2.45 \cdot 10^{-4}$, $3.37 \cdot 10^{-4}$)},\textcolor{green}{$\checkmark$ (Within)}
$\nu^2$,Pink Noise,$pA^2$,0.613,0.547,{(0.42, 0.7)},\textcolor{green}{$\checkmark$ (Within)}
$i_{0}$,Baseline Current,$pA$,5.3,5.43,{(4.18, 7.36)},\textcolor{green}{$\checkmark$ (Within)}
$N_{ch}$,Number of Channels,,1140,1470,{(1,220, 1,740)},\textcolor{red}{$\uparrow$ Over}
$k_{inact}$,Inactivation Rate,$s^{-1}$,3.36e-4,3.4e-4,{($3.04 \cdot 10^{-4}$, $3.80 \cdot 10^{-4}$)},\textcolor{green}{$\checkmark$ (Within)}
